Price,Close,High,Low,Open,Volume
Ticker,^NSEMDCP50,^NSEMDCP50,^NSEMDCP50,^NSEMDCP50,^NSEMDCP50
Date,,,,,
2022-02-01,8471.8544921875,8485.103795754329,8326.661928741609,8481.30419078834,0
2022-02-02,8568.9501953125,8594.798446672652,8514.852451561044,8517.552505018197,0
2022-02-03,8469.455078125,8561.000069500593,8447.905429926373,8556.59991023002,0
2022-02-04,8382.009765625,8492.103590159599,8365.110262978287,8452.00608769344,0
2022-02-07,8288.064453125,8436.207058693637,8238.267265334322,8396.858540563911,0
2022-02-08,8236.767578125,8352.261512072946,8136.12247365159,8323.91241510627,0
2022-02-09,8364.16015625,8373.760237799042,8275.115029995035,8278.715426767623,0
2022-02-10,8392.408203125,8422.356823262915,8322.911858347696,8395.608230129204,0
2022-02-11,8201.66796875,8343.511089711641,8183.019536124586,8329.311641693306,0
2022-02-14,7879.8359375,8054.126583720081,7857.986987942612,8019.528792358565,0
2022-02-15,8123.6728515625,8134.172299367927,7819.5887465180185,7927.683159194529,0
2022-02-16,8097.2744140625,8197.568944934574,8070.825609514903,8179.219812135916,0
2022-02-17,8069.02587890625,8164.820646146606,8051.9266804255085,8136.722026079555,0
2022-02-18,7996.52978515625,8091.874381877276,7985.930244761032,8023.728062263242,0
2022-02-21,7932.18310546875,8014.8784652328595,7869.536496436084,7956.231645932598,672200
2022-02-22,7867.78662109375,7881.435805961132,7718.944347407572,7719.944294844825,0
2022-02-23,7893.8349609375,7976.680702761738,7883.0357240481835,7932.832910518088,0
2022-02-24,7407.26025390625,7715.044356328092,7394.461122498935,7649.897392666872,0
2022-02-25,7735.54345703125,7751.142246215046,7579.901250142024,7584.151026686902,0
2022-02-28,7810.03955078125,7821.688840616301,7581.101392821692,7656.747317773881,0
2022-03-02,7792.84033203125,7826.6886502885645,7721.993958753865,7744.293079462554,0
2022-03-03,7730.6435546875,7894.935214030066,7710.094829847933,7883.585712796978,0
2022-03-04,7551.85302734375,7675.896311539943,7538.953803063954,7671.946812119099,0
2022-03-07,7385.9619140625,7415.91004711137,7276.317774279769,7409.960652762111,0
2022-03-08,7503.20556640625,7516.954843445989,7326.214872876523,7379.01190140689,0
2022-03-09,7671.296875,7698.945323719785,7533.953998179145,7569.552224249938,0
2022-03-10,7724.0439453125,7838.687817903756,7682.145758343846,7832.73793552833,0
2022-03-11,7777.84130859375,7787.740690768437,7667.447206975271,7701.94539424702,0
2022-03-14,7805.68994140625,7823.789088028298,7719.244288450045,7785.291110935438,352200
2022-03-15,7739.693359375,7872.836264759829,7701.04548806375,7827.988523953155,474300
2022-03-16,7896.68505859375,7903.484505911515,7818.689157952562,7840.438014862124,306200
2022-03-17,8008.529296875,8034.677824949617,7989.930176719153,7996.279940655487,356400
2022-03-21,7953.33203125,8053.3267762602145,7941.7828335035565,8052.027039877318,324400
2022-03-22,7985.47998046875,7995.17966571673,7860.6867381184475,7954.43180847041,0
2022-03-23,8027.1279296875,8070.675933940478,8004.129138415597,8035.827667775195,0
2022-03-24,8087.474609375,8094.374148895275,8005.179132328629,8018.4782376611065,0
2022-03-25,8055.87646484375,8130.372550041779,8018.928699433788,8125.023221776327,0
2022-03-28,8014.6787109375,8083.824977786983,7944.732193193953,8067.276043190663,0
2022-03-29,8044.52734375,8100.024426608048,8021.028578936232,8060.876093771281,0
2022-03-30,8131.67236328125,8140.521995437698,8085.824677260694,8107.023757479654,0
2022-03-31,8183.31982421875,8194.91882386459,8136.97216293818,8166.47061228163,0
2022-04-01,8308.263671875,8319.412500168313,8171.320671667464,8186.71976492939,0
2022-04-04,8424.056640625,8435.706418120448,8336.861034430442,8339.110916018833,0
2022-04-05,8516.0029296875,8542.101168367219,8439.70713210144,8475.25506978975,0
2022-04-06,8563.5,8581.699238552777,8470.554690953915,8501.753246114225,0
2022-04-07,8510.8525390625,8611.297455754764,8476.704919538952,8562.500215478769,0
2022-04-08,8587.048828125,8606.847592566211,8524.702494486846,8561.750352643941,0
2022-04-11,8617.5966796875,8657.044800763932,8602.198075304645,8613.697470650735,0
2022-04-12,8467.1044921875,8605.997577974427,8385.00920047028,8603.747696303004,0
2022-04-13,8454.9560546875,8530.651295401953,8442.405932987953,8512.30265030901,0
2022-04-18,8351.810546875,8383.25908743739,8276.714888861374,8372.609257182043,0
2022-04-19,8252.8662109375,8447.106005857358,8172.970506199447,8414.008135396985,344600
2022-04-20,8293.6142578125,8365.510872719824,8241.567186425415,8283.414598144624,0
2022-04-21,8386.259765625,8395.908672946074,8342.262076296158,8347.26181371989,0
2022-04-22,8299.3134765625,8387.759019857373,8287.314107699733,8338.71179493304,0
2022-04-25,8120.92333984375,8226.167320948643,8086.425152737463,8222.567900724634,0
2022-04-26,8271.3154296875,8278.8648377333,8193.519712343723,8198.619053802158,0
2022-04-27,8194.4697265625,8249.966809888187,8135.172549983683,8206.768884862173,0
2022-04-28,8244.5166015625,8259.915205785093,8156.8708203845745,8257.61552204204,0
2022-04-29,8168.42041015625,8333.061651794507,8148.321369779863,8302.563256116851,0
2022-05-02,8119.72314453125,8132.772751636494,8054.626468237364,8096.374274048971,0
2022-05-04,7933.283203125,8180.270220901349,7903.334581983082,8166.620547735555,0
2022-05-05,7971.68115234375,8084.8251084975855,7946.232294475574,8024.978156049945,0
2022-05-06,7821.638671875,7860.43692547121,7749.742548644117,7831.738238662531,0
2022-05-09,7668.546875,7762.891522403287,7616.499319425534,7748.492377369595,0
2022-05-10,7533.25390625,7743.043171350777,7510.705286862413,7649.198006797677,0
2022-05-11,7499.10595703125,7605.500268851179,7362.763023558915,7569.902041715386,0
2022-05-12,7316.6650390625,7449.858230068925,7257.368352643568,7442.508518916115,0
2022-05-13,7351.5634765625,7524.004112594441,7330.464488789094,7413.81020216026,0
2022-05-16,7468.5576171875,7484.406393485593,7315.1652894945255,7391.861453341013,0
2022-05-17,7661.7470703125,7673.496452564685,7481.65644128961,7505.405192650407,0
2022-05-18,7647.248046875,7740.243160071986,7617.999583853367,7700.995222513043,0
2022-05-19,7422.35986328125,7515.604962099204,7384.361860545782,7483.456749541237,0
2022-05-20,7591.201171875,7599.600632818049,7534.90383739169,7539.7038781131405,0
2022-05-23,7568.80224609375,7681.746014816261,7552.902691428675,7628.948986068158,0
2022-05-24,7533.2041015625,7590.400801948818,7501.255585679804,7575.701867592848,0
2022-05-25,7395.3115234375,7574.951984502866,7374.562613928081,7558.202864778395,0
2022-05-26,7488.15625,7511.00514678782,7281.417115579286,7426.409495221383,0
2022-05-27,7593.75048828125,7603.000001777807,7522.354341212998,7554.602645025317,0
2022-05-30,7757.04248046875,7764.542086284933,7662.097275533639,7668.197052581918,0
2022-05-31,7782.99072265625,7831.338278508391,7740.843036167279,7753.292576962846,0
2022-06-01,7797.33984375,7850.037267068722,7751.992131477481,7802.289778685655,0
2022-06-02,7837.18798828125,7846.487303975098,7765.791840220541,7803.889446277432,0
2022-06-03,7711.49462890625,7909.384131274026,7702.045418473154,7894.435209875271,0
2022-06-06,7675.5966796875,7708.344958903207,7596.950909848074,7702.045485226545,0
2022-06-07,7620.19970703125,7652.497814668804,7577.20196627549,7644.098353660658,0
2022-06-08,7604.35009765625,7676.096324620559,7560.252319041706,7631.648466759953,0
2022-06-09,7639.29833984375,7647.747602412404,7543.95325769298,7573.401415641737,0
2022-06-10,7585.2509765625,7598.700464535518,7540.053646562707,7575.151410065663,0
2022-06-13,7354.9130859375,7466.757302864058,7326.164597522937,7460.857710718794,0
2022-06-14,7344.7138671875,7437.658686605451,7308.965747044694,7309.815799999903,0
2022-06-15,7376.26220703125,7405.260682875405,7343.714113067028,7386.211879390359,0
2022-06-16,7195.771484375,7467.6570885440115,7180.922167628523,7453.458128220982,0
2022-06-17,7157.7236328125,7231.419463766535,7087.877208771559,7149.923750083343,0
2022-06-20,7031.93017578125,7178.122686578045,6962.783908066779,7163.273369466639,0
2022-06-21,7231.16943359375,7241.969158479675,7071.328232121951,7080.577745582729,0
2022-06-22,7119.32568359375,7209.42055353329,7103.326525228557,7209.42055353329,0
2022-06-23,7212.57080078125,7238.769129732062,7113.175638525167,7134.424520794756,0
2022-06-24,7314.01513671875,7323.064953607209,7253.418226861193,7257.518108836504,0
2022-06-27,7390.611328125,7435.008895602928,7382.461854361662,7401.6605517343905,0
2022-06-28,7399.06103515625,7408.31054866991,7332.014268571461,7358.512874853837,0
2022-06-29,7359.5634765625,7375.062662135709,7292.366812194482,7322.365235884563,0
2022-06-30,7297.26611328125,7387.2613801115185,7280.067310795919,7356.713182061917,0
2022-07-01,7355.1630859375,7372.312574879037,7218.820645156542,7268.068055832978,0
2022-07-04,7421.60986328125,7428.959574580321,7320.515079941944,7352.313701331343,0
2022-07-05,7399.91064453125,7493.755806884927,7387.86147350779,7450.008107569667,0
2022-07-06,7560.90234375,7571.501884210416,7392.9111746969575,7415.409991980847,0
2022-07-07,7650.59765625,7656.947419973156,7583.601179584368,7610.349772879975,0
2022-07-08,7666.94677734375,7702.494712029469,7622.34902575558,7700.094935926122,0
2022-07-11,7690.99560546875,7699.645053132139,7623.999127310153,7638.548655445706,0
2022-07-12,7625.34912109375,7700.095191552624,7610.499804093948,7663.996991646453,0
2022-07-13,7660.447265625,7694.645174326133,7636.2986331604525,7656.49727802642,0
2022-07-14,7649.5478515625,7692.745286535543,7595.050717951668,7671.496404164347,0
2022-07-15,7716.34423828125,7726.04392353862,7650.9477747915225,7663.496919585892,0
2022-07-18,7843.087890625,7850.137324905079,7767.69194990637,7777.791516888185,0
2022-07-19,7891.43505859375,7900.934558980725,7803.23950180402,7814.03922677624,0
2022-07-20,7906.234375,7973.5311310583875,7891.235163312399,7968.38101110784,0
2022-07-21,8024.6279296875,8037.527642141968,7901.384408911307,7911.534265932635,0
2022-07-22,8037.82763671875,8076.9256798923025,8009.27933215742,8052.176980360839,0
2022-07-25,8038.97705078125,8059.776249708593,7999.27943185152,8035.627129331439,0
2022-07-26,7939.63232421875,8049.176857134505,7930.683087754811,8046.926975437422,0
2022-07-27,8003.72900390625,8011.928768011259,7899.884367210174,7924.58326366224,0
2022-07-28,8068.07568359375,8085.924842526658,8012.078628592046,8053.326459285266,0
2022-07-29,8170.3701171875,8185.869302070692,8120.372746596556,8136.522287901888,0
2022-08-01,8300.0634765625,8309.013201184074,8178.469773857473,8203.31856464666,0
2022-08-02,8318.912109375,8335.311637532232,8239.467068720023,8287.863937542254,0
2022-08-03,8218.6181640625,8319.263268821305,8159.421566027929,8313.16300326886,0
2022-08-04,8218.16796875,8292.814438738542,8093.275114401285,8254.46684348397,0
2022-08-05,8225.4677734375,8253.016129223548,8199.618547036009,8244.31639147239,0
2022-08-08,8257.9150390625,8271.965080933243,8195.268921733214,8223.567237230312,0
2022-08-10,8247.416015625,8287.064321808313,8206.26876480863,8276.414491079895,0
2022-08-11,8322.412109375,8353.560862544497,8297.413423528267,8313.562965189723,0
2022-08-12,8358.0107421875,8385.509296349976,8326.712583115714,8348.061070015572,0
2022-08-16,8455.7060546875,8461.005580892053,8392.259193421904,8403.458800210186,0
2022-08-17,8506.3525390625,8519.202449349288,8477.903839587998,8488.553670242889,0
2022-08-18,8531.8515625,8553.000841994639,8480.004677030965,8505.253350528674,0
2022-08-19,8429.3564453125,8572.749293895098,8402.758234925193,8556.09977898565,0
2022-08-22,8258.9658203125,8400.60778145745,8248.06600321414,8400.60778145745,0
2022-08-23,8358.16015625,8376.90917046931,8183.369541657014,8196.269254044362,0
2022-08-24,8419.5078125,8426.85703572772,8330.61209268705,8360.961084009707,0
2022-08-25,8431.2568359375,8507.852417518086,8417.7077437318,8463.904533214123,0
2022-08-26,8477.8544921875,8534.702092116351,8459.1054770087,8488.454521341973,0
2022-08-29,8394.158203125,8401.907795613195,8260.76580349295,8261.765750910781,0
2022-08-30,8555.5498046875,8562.899027344443,8445.155223054828,8449.95575169973,0
2022-09-01,8598.6474609375,8617.046884053312,8489.903179110892,8500.852798652215,0
2022-09-02,8587.2490234375,8670.794438670178,8574.649099496792,8641.395592653054,0
2022-09-05,8630.1455078125,8650.2450361517,8612.6464285802,8614.346534436418,366700
2022-09-06,8651.4951171875,8685.493328844306,8625.446682676204,8667.093906049111,0
2022-09-07,8699.5927734375,8705.042682440195,8614.39705386395,8625.247069798177,0
2022-09-08,8713.6416015625,8777.939003202273,8696.243102002694,8762.589224082298,0
2022-09-09,8735.140625,8784.188829032273,8693.693584067736,8765.739603126767,0
2022-09-12,8820.5859375,8827.33558254185,8760.089118976748,8769.138447767666,0
2022-09-13,8828.5361328125,8881.33316344893,8821.286513720543,8861.984570683839,0
2022-09-14,8795.23828125,8816.937336957335,8702.243165228178,8713.342191697264,0
2022-09-15,8832.78515625,8869.382839595546,8769.288497894144,8843.184999561545,0
2022-09-16,8572.9990234375,8843.134221074302,8498.902336991981,8824.685973201653,0
2022-09-19,8572.44921875,8627.246139450808,8506.352111533111,8596.797546661503,0
2022-09-20,8680.1435546875,8745.590311427815,8634.49653891892,8635.846077389178,0
2022-09-21,8627.4970703125,8734.241463987399,8601.098066190289,8680.544088916144,0
2022-09-22,8660.6953125,8692.093076760126,8560.700566745734,8595.698727759727,0
2022-09-23,8428.306640625,8684.592963726118,8412.007693321006,8666.544108473601,0
2022-09-26,8174.0205078125,8362.610203506125,8094.424594311287,8357.410281540318,0
2022-09-27,8181.7197265625,8254.365809344292,8100.02431488586,8224.167201804294,0
2022-09-28,8140.2724609375,8224.817823149906,8106.223957063106,8127.273143992611,0
2022-09-29,8179.169921875,8248.365989603879,8112.223247560132,8215.167540332724,0
2022-09-30,8332.26171875,8349.410230390002,8101.323676310563,8179.619360769519,0
2022-10-03,8225.4677734375,8365.710397398687,8192.3191262604,8341.261487972744,0
2022-10-04,8480.7041015625,8493.852823685887,8353.510599688188,8362.960297719233,0
2022-10-06,8579.048828125,8621.046619462637,8550.750511644965,8554.750301296168,0
2022-10-07,8558.349609375,8586.498519281418,8486.853370295406,8579.898280536623,0
2022-10-10,8482.7041015625,8510.602047868002,8418.656689952528,8452.00552135297,0
2022-10-11,8340.4111328125,8512.002697746317,8315.662433914358,8510.452974531696,0
2022-10-12,8405.6572265625,8420.75701781043,8288.663383852023,8366.309688016026,0
2022-10-13,8327.712890625,8424.707794955732,8285.564714272681,8411.208504146816,0
2022-10-14,8325.912109375,8464.70559747198,8315.31305694624,8454.905331194566,0
2022-10-17,8384.609375,8395.858784087113,8247.816755802942,8313.113130579679,0
2022-10-18,8518.3515625,8526.95169589189,8429.906021259663,8454.354930051844,0
2022-10-19,8519.6015625,8559.499853954363,8498.00308948645,8540.00087985478,0
2022-10-20,8483.9033203125,8493.603005380695,8428.056648707743,8479.853728650585,0
2022-10-21,8457.4560546875,8542.001417549605,8416.008036961699,8503.753427013991,0
2022-10-24,8496.25390625,8560.050359853625,8486.004444631111,8559.89997712789,93200
2022-10-25,8536.6005859375,8561.799455218115,8433.556203720937,8511.651703501908,426100
2022-10-27,8602.998046875,8617.947456490216,8552.500700867942,8571.59930647604,348100
2022-10-28,8580.798828125,8634.696384857467,8552.149943836543,8623.246791555872,350400
2022-10-31,8689.892578125,8694.492922114634,8617.896364652755,8619.596470550856,276600
2022-11-01,8761.9892578125,8770.888203732691,8709.192230591283,8722.241348810476,343400
2022-11-02,8742.490234375,8772.638062296386,8722.89067961161,8758.13882513198,258800
2022-11-03,8774.638671875,8782.939017102444,8696.693547633282,8704.89233569559,353100
2022-11-04,8746.5400390625,8801.187555897068,8723.890839508142,8783.337908632513,327200
2022-11-07,8824.3359375,8829.736044258616,8758.689974236355,8791.337672113536,369900
2022-11-09,8759.8388671875,8846.484698560496,8744.139497966451,8842.634315227873,609800
2022-11-10,8674.59375,8768.338821483401,8644.095353410734,8746.1397932539,402900
2022-11-11,8680.1435546875,8808.087027850728,8648.845394405143,8775.588735310814,420500
2022-11-14,8678.09375,8697.592725281977,8616.247390799846,8679.69425182728,307200
2022-11-15,8674.994140625,8692.142653169944,8635.946388723934,8678.993930351331,202100
2022-11-16,8596.9482421875,8685.043218289777,8556.250187351061,8675.993889543242,281700
2022-11-17,8582.8984375,8604.247901173543,8555.20067472104,8583.598596007703,265400
2022-11-18,8539.400390625,8613.39649802864,8498.152560484457,8604.447750031293,358000
2022-11-21,8536.0009765625,8546.350041303784,8494.802949352643,8532.150593256698,365200
2022-11-22,8583.298828125,8591.59819656512,8535.30135106078,8550.100377853347,309300
2022-11-23,8627.947265625,8641.946530407613,8601.848050373545,8613.14726164584,443400
2022-11-24,8672.994140625,8679.993772561225,8641.345414194604,8657.195166699748,343200
2022-11-25,8758.0400390625,8769.139065530982,8682.893595031566,8693.393043614104,634500
2022-11-28,8807.537109375,8816.786623255757,8752.690382535191,8759.889222941541,343000
2022-11-29,8763.888671875,8832.58525408468,8750.139395019432,8812.136134295446,292000
2022-11-30,8855.1337890625,8874.082987560974,8775.338181986861,8778.238420046147,466300
2022-12-01,8931.6806640625,8944.079426060951,8864.533804762072,8896.182530946984,328700
2022-12-02,8993.677734375,8999.376653622407,8924.080806053897,8935.730584433191,289200
2022-12-05,9014.2265625,9023.77586544027,8952.829397854686,9021.476181584627,338800
2022-12-06,8967.9287109375,9008.726369819919,8946.779432685857,8994.727106129109,488500
2022-12-07,8919.53125,9003.576637832573,8909.631379644967,8978.678532245449,338900
2022-12-08,8975.578125,8981.67839035968,8921.9315301441,8944.230163006005,311900
2022-12-09,8916.8310546875,9042.374259678652,8840.285273944663,9024.275601734253,463300
2022-12-12,8960.12890625,8964.529065721092,8852.634553258922,8920.281390187554,285300
2022-12-13,8995.8271484375,9000.77708367188,8960.37881564145,8982.428438366302,343800
2022-12-14,9069.623046875,9085.122232471733,9026.275715181515,9034.725466502618,866200
2022-12-15,8981.626953125,9086.271836834763,8956.328479764397,9067.022849808702,590000
2022-12-16,8830.9365234375,8970.929169971076,8824.136099396905,8936.530586218343,428800
2022-12-19,8890.232421875,8898.281803031763,8781.938315250734,8838.235157792105,264500
2022-12-20,8859.4345703125,8889.28261030706,8776.188947285074,8871.433939397535,339400
2022-12-21,8738.140625,8930.580712098763,8707.542622832472,8886.98339274051,396500
2022-12-22,8691.443359375,8806.237127741802,8624.846275381571,8781.788218051872,464500
2022-12-23,8399.908203125,8637.645710271629,8381.709940674353,8615.547262146594,455900
2022-12-27,8677.84375,8689.39294773191,8592.598229986055,8643.946117390899,345700
2022-12-28,8697.943359375,8713.54214911551,8624.197234346624,8668.894104510804,349000
2022-12-29,8697.04296875,8722.591430860992,8589.348432805697,8661.945203769175,393200
2022-12-30,8751.2900390625,8796.987832534833,8734.691302104091,8749.940500618182,454700
2023-01-02,8821.7998046875,8830.599609375,8746.2001953125,8787.400390625,0
2023-01-03,8843.349609375,8868.099609375,8809.400390625,8834.25,410200
2023-01-04,8745.7001953125,8863.9501953125,8713.5,8849.5498046875,379400
2023-01-05,8808.599609375,8818.0,8722.9501953125,8778.349609375,330400
2023-01-06,8752.2998046875,8827.0498046875,8717.099609375,8817.7001953125,335700
2023-01-09,8826.9501953125,8841.75,8779.599609375,8816.0,409200
2023-01-10,8786.2998046875,8836.7998046875,8734.2001953125,8836.5498046875,321800
2023-01-11,8785.400390625,8829.0498046875,8748.7001953125,8802.650390625,326500
2023-01-12,8748.900390625,8816.5,8709.349609375,8816.400390625,254500
2023-01-13,8747.400390625,8769.4501953125,8687.099609375,8768.0,324100
2023-01-16,8707.349609375,8797.5498046875,8694.599609375,8766.4501953125,405300
2023-01-17,8695.650390625,8728.400390625,8634.75,8723.7001953125,336500
2023-01-18,8754.099609375,8773.0498046875,8700.5,8715.5,248900
2023-01-19,8755.349609375,8762.75,8706.900390625,8734.5498046875,364500
2023-01-20,8687.150390625,8770.4501953125,8677.5,8763.75,238300
2023-01-23,8788.5,8797.2001953125,8690.7998046875,8717.5498046875,332600
2023-01-24,8733.4501953125,8804.25,8720.900390625,8801.9501953125,259100
2023-01-25,8604.099609375,8724.349609375,8576.849609375,8724.349609375,346000
2023-01-27,8463.0,8636.7998046875,8374.5498046875,8629.25,449200
2023-01-30,8476.9501953125,8563.849609375,8410.9501953125,8466.400390625,458900
2023-01-31,8638.0,8654.9501953125,8473.0498046875,8511.5498046875,398500
2023-02-01,8554.7001953125,8801.599609375,8402.5498046875,8714.2998046875,511500
2023-02-02,8580.650390625,8630.2001953125,8489.25,8528.5498046875,441000
2023-02-03,8604.0498046875,8632.7998046875,8469.400390625,8618.9501953125,411600
2023-02-06,8667.2998046875,8684.0498046875,8601.849609375,8611.599609375,881100
2023-02-07,8659.5,8692.849609375,8610.599609375,8680.2001953125,413800
2023-02-08,8740.4501953125,8747.650390625,8639.7998046875,8672.25,290900
2023-02-09,8758.5498046875,8778.75,8719.2998046875,8760.2998046875,253200
2023-02-10,8771.75,8789.599609375,8708.2998046875,8733.099609375,240400
2023-02-13,8629.5,8756.2998046875,8617.349609375,8742.7998046875,221300
2023-02-14,8627.349609375,8654.2998046875,8564.099609375,8637.7001953125,225900
2023-02-15,8688.849609375,8698.2001953125,8602.849609375,8614.2998046875,169800
2023-02-16,8749.7001953125,8774.5498046875,8707.400390625,8723.150390625,213600
2023-02-17,8658.849609375,8732.400390625,8644.7001953125,8722.7001953125,255800
2023-02-20,8647.2998046875,8702.400390625,8614.0,8680.849609375,303700
2023-02-21,8609.9501953125,8675.5,8599.849609375,8672.349609375,219700
2023-02-22,8519.75,8598.849609375,8491.099609375,8580.0498046875,276400
2023-02-23,8507.4501953125,8531.2998046875,8422.25,8523.25,479700
2023-02-24,8476.9501953125,8564.7998046875,8463.9501953125,8531.849609375,329300
2023-02-27,8418.0,8468.7001953125,8338.2001953125,8467.2998046875,274800
2023-02-28,8456.7001953125,8483.400390625,8426.4501953125,8444.400390625,267000
2023-03-01,8567.7001953125,8575.5,8470.900390625,8474.099609375,268600
2023-03-02,8549.0,8581.5,8533.849609375,8567.099609375,185000
2023-03-03,8623.75,8640.0,8584.400390625,8595.900390625,251200
2023-03-06,8680.650390625,8724.849609375,8658.5,8660.25,225800
2023-03-08,8745.099609375,8753.25,8627.4501953125,8649.5498046875,217000
2023-03-09,8690.9501953125,8785.650390625,8679.349609375,8768.2998046875,179400
2023-03-10,8627.9501953125,8636.400390625,8544.7998046875,8636.400390625,186000
2023-03-13,8455.5498046875,8649.349609375,8433.0498046875,8625.849609375,214800
2023-03-14,8423.5,8472.0,8372.75,8457.599609375,238700
2023-03-15,8411.400390625,8512.75,8397.2001953125,8493.9501953125,211500
2023-03-16,8455.0498046875,8483.7998046875,8323.7001953125,8402.349609375,294700
2023-03-17,8487.7001953125,8535.7998046875,8445.599609375,8519.599609375,298200
2023-03-20,8392.2001953125,8487.849609375,8316.5,8471.25,236900
2023-03-21,8433.599609375,8447.5498046875,8382.650390625,8422.599609375,205200
2023-03-22,8451.7001953125,8490.7998046875,8445.150390625,8467.5,0
2023-03-23,8399.900390625,8452.4501953125,8390.2001953125,8435.5,179800
2023-03-24,8283.75,8402.9501953125,8266.2998046875,8399.849609375,275900
2023-03-27,8255.849609375,8325.0498046875,8243.75,8278.849609375,225700
2023-03-28,8231.099609375,8283.9501953125,8194.599609375,8272.900390625,239900
2023-03-29,8373.5,8390.4501953125,8225.0498046875,8225.2001953125,278300
2023-03-31,8466.7998046875,8490.900390625,8410.75,8413.2998046875,267400
2023-04-03,8497.75,8515.099609375,8465.400390625,8513.2998046875,264600
2023-04-05,8495.5498046875,8501.4501953125,8451.7998046875,8500.7001953125,270300
2023-04-06,8550.650390625,8559.150390625,8466.7001953125,8490.349609375,243400
2023-04-10,8581.9501953125,8591.5,8537.4501953125,8573.849609375,182900
2023-04-11,8607.849609375,8634.7998046875,8570.099609375,8606.0498046875,197200
2023-04-12,8646.400390625,8661.25,8615.849609375,8621.0498046875,185400
2023-04-13,8677.349609375,8699.0498046875,8626.4501953125,8671.75,226200
2023-04-17,8699.2001953125,8707.849609375,8610.400390625,8647.9501953125,208600
2023-04-18,8771.7001953125,8781.75,8705.7998046875,8723.150390625,233200
2023-04-19,8753.4501953125,8805.25,8741.5,8789.5498046875,187900
2023-04-20,8767.099609375,8792.400390625,8752.4501953125,8773.650390625,181400
2023-04-21,8731.2998046875,8782.150390625,8700.150390625,8780.7001953125,470900
2023-04-24,8790.2998046875,8794.599609375,8721.9501953125,8743.099609375,239700
2023-04-25,8815.099609375,8846.400390625,8791.2998046875,8806.2998046875,220400
2023-04-26,8834.2001953125,8839.4501953125,8770.849609375,8800.5,323300
2023-04-27,8865.150390625,8874.900390625,8834.650390625,8835.900390625,479900
2023-04-28,8962.849609375,8970.150390625,8861.400390625,8878.849609375,393800
2023-05-02,9062.2001953125,9080.7001953125,8996.9501953125,9010.75,395400
2023-05-03,9065.849609375,9099.849609375,9032.150390625,9046.650390625,276300
2023-05-04,9122.900390625,9132.150390625,9071.400390625,9080.650390625,293300
2023-05-05,9036.7998046875,9155.2998046875,9027.25,9130.4501953125,305300
2023-05-08,9149.150390625,9156.25,9062.2001953125,9069.400390625,256200
2023-05-09,9152.7998046875,9222.150390625,9132.599609375,9174.25,251800
2023-05-10,9158.0,9184.75,9101.25,9184.75,320700
2023-05-11,9194.650390625,9221.7998046875,9169.099609375,9191.849609375,383000
2023-05-12,9149.599609375,9194.599609375,9125.25,9186.400390625,270400
2023-05-15,9239.25,9255.5498046875,9133.9501953125,9162.0,259600
2023-05-16,9269.7001953125,9331.599609375,9261.2001953125,9279.25,404500
2023-05-17,9244.650390625,9274.2001953125,9171.7001953125,9271.150390625,323000
2023-05-18,9176.5498046875,9287.2001953125,9166.0,9280.2998046875,221700
2023-05-19,9176.099609375,9200.2998046875,9095.0498046875,9199.150390625,229900
2023-05-22,9235.900390625,9241.25,9140.900390625,9162.650390625,205500
2023-05-23,9286.150390625,9304.5,9247.900390625,9255.75,184300
2023-05-24,9267.599609375,9319.0498046875,9248.0498046875,9290.0498046875,250600
2023-05-25,9332.0,9342.0,9254.9501953125,9264.7998046875,349300
2023-05-26,9428.599609375,9435.2998046875,9340.4501953125,9342.150390625,297300
2023-05-29,9470.349609375,9478.7001953125,9419.900390625,9468.599609375,275000
2023-05-30,9506.400390625,9514.9501953125,9459.599609375,9480.7998046875,225300
2023-05-31,9539.900390625,9547.400390625,9485.650390625,9496.849609375,321400
2023-06-01,9559.5,9603.400390625,9541.099609375,9547.2998046875,219300
2023-06-02,9629.650390625,9637.7998046875,9587.0,9590.25,204700
2023-06-05,9638.150390625,9684.900390625,9629.5,9669.2001953125,209600
2023-06-06,9628.150390625,9644.599609375,9571.650390625,9643.2998046875,172000
2023-06-07,9704.75,9710.25,9644.150390625,9658.5498046875,356600
2023-06-08,9609.599609375,9725.150390625,9599.400390625,9723.9501953125,313200
2023-06-09,9598.849609375,9650.0498046875,9590.25,9637.599609375,229500
2023-06-12,9675.650390625,9685.7998046875,9592.5498046875,9628.4501953125,221400
2023-06-13,9795.5,9801.2998046875,9694.349609375,9696.150390625,398100
2023-06-14,9819.650390625,9833.0,9793.400390625,9825.7998046875,543800
2023-06-15,9803.349609375,9864.2998046875,9796.0498046875,9835.25,347400
2023-06-16,9884.2001953125,9906.349609375,9817.349609375,9831.75,386500
2023-06-19,9891.5498046875,9950.25,9880.0,9926.7998046875,315400
2023-06-20,9957.5498046875,9968.2001953125,9871.5498046875,9900.0,306200
2023-06-21,10032.400390625,10081.2998046875,10003.900390625,10033.7998046875,506600
2023-06-22,9911.4501953125,10047.7001953125,9872.75,10047.5,460100
2023-06-23,9807.25,9905.400390625,9780.2998046875,9901.0,329800
2023-06-26,9883.7998046875,9894.0,9762.650390625,9809.400390625,275500
2023-06-27,9945.099609375,9957.5498046875,9900.7998046875,9910.7998046875,318700
2023-06-28,10040.0498046875,10062.25,9966.0,9994.0,434300
2023-06-30,10126.849609375,10133.25,10060.400390625,10072.849609375,316900
2023-07-03,10142.9501953125,10199.2001953125,10126.0,10189.75,389700
2023-07-04,10119.599609375,10184.5,10095.7998046875,10182.7998046875,585800
2023-07-05,10194.150390625,10205.0498046875,10113.4501953125,10137.0498046875,434800
2023-07-06,10267.400390625,10271.900390625,10182.400390625,10200.7998046875,321700
2023-07-07,10169.9501953125,10266.5,10117.900390625,10255.75,340800
2023-07-10,10141.849609375,10203.9501953125,10099.099609375,10203.599609375,356200
2023-07-11,10249.25,10275.150390625,10169.099609375,10173.2001953125,291100
2023-07-12,10286.0,10306.0498046875,10244.900390625,10282.25,301100
2023-07-13,10193.9501953125,10327.7001953125,10161.4501953125,10321.599609375,393700
2023-07-14,10350.9501953125,10356.849609375,10218.75,10241.849609375,275300
2023-07-17,10373.75,10423.0498046875,10361.5498046875,10382.75,471100
2023-07-18,10368.599609375,10416.349609375,10314.2998046875,10411.849609375,503100
2023-07-19,10454.900390625,10460.0,10384.5498046875,10396.5,480500
2023-07-20,10476.25,10483.2998046875,10447.4501953125,10481.2998046875,340700
2023-07-21,10446.5498046875,10479.2998046875,10411.9501953125,10428.7998046875,460000
2023-07-24,10461.2001953125,10522.2998046875,10437.7001953125,10461.0498046875,498300
2023-07-25,10503.4501953125,10515.7998046875,10428.4501953125,10515.099609375,335500
2023-07-26,10562.150390625,10585.7998046875,10519.4501953125,10530.849609375,780200
2023-07-27,10624.5,10656.4501953125,10583.099609375,10615.349609375,719700
2023-07-28,10686.2998046875,10694.75,10623.75,10644.7998046875,397700
2023-07-31,10822.5,10831.5,10689.4501953125,10704.2001953125,506500
2023-08-01,10793.9501953125,10864.150390625,10772.400390625,10854.5,277000
2023-08-02,10643.2001953125,10784.900390625,10548.849609375,10781.650390625,434500
2023-08-03,10657.5498046875,10696.5498046875,10581.900390625,10628.2001953125,322300
2023-08-04,10741.900390625,10780.349609375,10666.0,10705.7998046875,388700
2023-08-07,10787.7998046875,10795.349609375,10739.5498046875,10761.900390625,366500
2023-08-08,10803.400390625,10840.650390625,10708.7998046875,10818.849609375,505500
2023-08-09,10855.900390625,10865.9501953125,10744.5,10834.5498046875,303700
2023-08-10,10868.150390625,10900.75,10803.150390625,10875.0,469400
2023-08-11,10821.849609375,10913.400390625,10807.2001953125,10909.5498046875,411100
2023-08-14,10827.4501953125,10849.0,10674.150390625,10805.900390625,329500
2023-08-16,10837.5498046875,10851.849609375,10743.2001953125,10804.9501953125,0
2023-08-17,10872.75,10903.5498046875,10839.2998046875,10858.25,422200
2023-08-18,10824.2998046875,10896.099609375,10794.150390625,10878.900390625,274800
2023-08-21,10904.0,10922.7001953125,10818.2998046875,10847.2998046875,230700
2023-08-22,11009.2001953125,11015.0,10918.900390625,10934.099609375,412700
2023-08-23,11081.7001953125,11106.4501953125,11026.900390625,11038.400390625,306300
2023-08-24,11131.0498046875,11185.650390625,11118.650390625,11142.2998046875,327300
2023-08-25,11021.599609375,11132.349609375,11003.25,11098.900390625,656600
2023-08-28,11073.0498046875,11093.0,11031.650390625,11052.0498046875,711300
2023-08-29,11109.349609375,11129.099609375,11085.9501953125,11105.849609375,552900
2023-08-30,11205.349609375,11235.0498046875,11150.2001953125,11159.900390625,439100
2023-08-31,11182.650390625,11261.400390625,11140.2001953125,11249.5,1366100
2023-09-01,11260.599609375,11274.75,11154.25,11187.349609375,1159000
2023-09-04,11327.0498046875,11349.650390625,11260.599609375,11310.349609375,0
2023-09-05,11437.650390625,11448.7001953125,11327.0498046875,11361.599609375,467000
2023-09-06,11469.650390625,11489.099609375,11418.849609375,11467.150390625,663700
2023-09-07,11520.7998046875,11530.7001953125,11458.150390625,11487.599609375,513500
2023-09-08,11647.150390625,11656.849609375,11520.7998046875,11559.25,678100
2023-09-11,11725.650390625,11736.150390625,11685.650390625,11714.4501953125,939100
2023-09-12,11386.5,11789.9501953125,11371.5,11789.9501953125,862100
2023-09-13,11454.9501953125,11463.099609375,11271.349609375,11381.150390625,727400
2023-09-14,11582.7998046875,11589.2001953125,11497.0498046875,11508.0498046875,435700
2023-09-15,11635.900390625,11654.099609375,11585.9501953125,11638.349609375,834700
2023-09-18,11595.5,11654.75,11579.5,11652.5,817700
2023-09-20,11594.7001953125,11648.5498046875,11509.150390625,11568.5498046875,468300
2023-09-21,11502.5,11634.099609375,11473.150390625,11577.2998046875,452000
2023-09-22,11494.900390625,11570.25,11427.849609375,11513.900390625,558200
2023-09-25,11600.650390625,11618.5,11414.099609375,11513.2998046875,471100
2023-09-26,11554.7001953125,11639.4501953125,11543.849609375,11602.150390625,742600
2023-09-27,11655.0,11672.400390625,11544.400390625,11574.9501953125,674500
2023-09-28,11453.650390625,11680.650390625,11432.5,11674.7998046875,679400
2023-09-29,11611.650390625,11648.5,11497.75,11529.25,419200
2023-10-03,11607.599609375,11635.0,11549.25,11621.5,454400
2023-10-04,11448.900390625,11580.7998046875,11350.849609375,11578.150390625,411200
2023-10-05,11453.900390625,11551.9501953125,11437.0498046875,11506.2998046875,292700
2023-10-06,11543.7001953125,11548.5,11474.599609375,11505.400390625,256700
2023-10-09,11415.650390625,11459.75,11373.5,11444.4501953125,535600
2023-10-10,11568.4501953125,11578.150390625,11459.349609375,11464.0,289300
2023-10-11,11607.5498046875,11685.650390625,11592.150390625,11638.150390625,566900
2023-10-12,11646.2998046875,11687.599609375,11623.849609375,11653.7998046875,420700
2023-10-13,11626.7001953125,11684.5,11583.2001953125,11613.150390625,525100
2023-10-16,11648.900390625,11678.599609375,11598.2998046875,11646.7998046875,372100
2023-10-17,11672.650390625,11714.0498046875,11653.75,11705.25,378200
2023-10-18,11542.75,11695.7001953125,11529.900390625,11688.099609375,342000
2023-10-19,11537.849609375,11553.0498046875,11425.0498046875,11502.400390625,390400
2023-10-20,11346.4501953125,11517.4501953125,11321.5,11503.650390625,321400
2023-10-23,11140.349609375,11373.75,11103.2998046875,11336.5,437900
2023-10-25,11066.5498046875,11232.75,10982.349609375,11172.900390625,448200
2023-10-26,10893.0,11006.2998046875,10810.75,10995.400390625,383200
2023-10-27,11033.099609375,11078.7001953125,10962.2001953125,10962.2998046875,347600
2023-10-30,11022.099609375,11066.7998046875,10901.5498046875,11061.400390625,602900
2023-10-31,11068.849609375,11107.5,11015.0,11075.5498046875,487400
2023-11-01,11049.0498046875,11104.2998046875,11040.9501953125,11097.5,1147200
2023-11-02,11225.599609375,11232.75,11129.150390625,11131.650390625,860900
2023-11-03,11311.349609375,11329.75,11279.0498046875,11306.099609375,783800
2023-11-06,11380.849609375,11389.5,11352.0498046875,11381.349609375,321500
2023-11-07,11403.099609375,11411.0498046875,11333.349609375,11402.75,425700
2023-11-08,11501.0498046875,11513.7998046875,11455.650390625,11463.5,318800
2023-11-09,11554.5498046875,11593.5498046875,11514.25,11532.25,392900
2023-11-10,11613.75,11625.5498046875,11481.5498046875,11550.75,440200
2023-11-13,11673.400390625,11695.349609375,11620.599609375,11682.2998046875,339300
2023-11-15,11774.9501953125,11789.4501953125,11719.349609375,11775.5498046875,385100
2023-11-16,11875.349609375,11909.849609375,11772.4501953125,11789.900390625,471000
2023-11-17,11905.4501953125,11938.5498046875,11847.900390625,11862.25,469500
2023-11-20,11919.7998046875,11961.650390625,11901.5,11931.900390625,535100
2023-11-21,11954.5498046875,11990.75,11922.0,11969.7998046875,390400
2023-11-22,11941.900390625,12001.400390625,11881.0,11976.25,367900
2023-11-23,11960.349609375,11993.650390625,11948.2001953125,11979.7998046875,285500
2023-11-24,11955.25,11993.650390625,11937.7998046875,11987.2998046875,277600
2023-11-28,12031.599609375,12041.0,11957.7001953125,11992.2001953125,332200
2023-11-29,12113.7998046875,12123.0,12069.599609375,12081.150390625,362800
2023-11-30,12200.599609375,12239.650390625,12082.2998046875,12135.150390625,1021400
2023-12-01,12334.5,12359.2001953125,12265.4501953125,12281.4501953125,464400
2023-12-04,12464.4501953125,12519.599609375,12412.900390625,12515.349609375,545600
2023-12-05,12508.0498046875,12551.4501953125,12366.099609375,12515.9501953125,541500
2023-12-06,12549.400390625,12600.7998046875,12486.75,12566.7998046875,420000
2023-12-07,12631.2001953125,12647.25,12494.5,12570.7001953125,526000
2023-12-08,12624.2001953125,12711.849609375,12512.349609375,12683.5,492400
2023-12-11,12684.7001953125,12696.5,12622.599609375,12650.5498046875,505500
2023-12-12,12650.349609375,12748.5,12581.400390625,12724.349609375,453600
2023-12-13,12815.5498046875,12827.2001953125,12657.7001953125,12694.900390625,673500
2023-12-14,13000.7001953125,13023.349609375,12890.400390625,12904.2001953125,859400
2023-12-15,13029.349609375,13072.5,12996.900390625,13066.5,701900
2023-12-18,13039.099609375,13081.7998046875,12963.75,13049.650390625,648100
2023-12-19,12977.650390625,13071.25,12905.400390625,13063.650390625,512600
2023-12-20,12560.0,13117.0,12504.099609375,13044.150390625,810200
2023-12-21,12764.849609375,12785.75,12385.900390625,12459.400390625,581700
2023-12-22,12838.2001953125,12881.099609375,12744.9501953125,12836.7998046875,456800
2023-12-26,12905.599609375,12950.349609375,12827.5498046875,12877.2001953125,530300
2023-12-27,12946.5,13016.900390625,12874.25,12961.900390625,384700
2023-12-28,13066.25,13078.0498046875,12947.9501953125,12995.150390625,564900
2023-12-29,13144.9501953125,13162.2001953125,13037.5498046875,13102.75,2013400
2024-01-02,13198.349609375,13271.400390625,13046.349609375,13261.4501953125,1420700
2024-01-03,13226.099609375,13274.400390625,13108.5498046875,13207.9501953125,871900
2024-01-04,13455.2001953125,13474.0,13258.7001953125,13272.599609375,778400
2024-01-05,13461.5498046875,13533.150390625,13364.099609375,13518.2998046875,947800
2024-01-08,13291.0498046875,13498.349609375,13277.099609375,13492.2001953125,545700
2024-01-09,13253.0498046875,13436.849609375,13231.25,13391.25,732000
2024-01-10,13235.849609375,13275.650390625,13105.849609375,13270.7001953125,461900
2024-01-11,13271.650390625,13327.400390625,13223.650390625,13271.5498046875,336500
2024-01-12,13353.7998046875,13375.849609375,13281.9501953125,13345.599609375,305500
2024-01-15,13477.5498046875,13494.900390625,13356.75,13447.7998046875,407500
2024-01-16,13410.849609375,13512.900390625,13289.400390625,13502.9501953125,719900
2024-01-17,13236.9501953125,13411.150390625,13222.150390625,13300.150390625,754700
2024-01-18,13292.5,13326.099609375,12932.349609375,13228.2998046875,591900
2024-01-19,13477.2001953125,13487.400390625,13352.599609375,13412.0,514600
2024-01-23,13049.0498046875,13577.5,12956.0498046875,13577.5,892800
2024-01-24,13356.2001953125,13368.650390625,12984.2998046875,13102.5,932300
2024-01-25,13240.0,13411.9501953125,13160.2998046875,13405.099609375,744100
2024-01-29,13543.7998046875,13556.7998046875,13268.5498046875,13293.599609375,646200
2024-01-30,13476.349609375,13649.349609375,13464.9501953125,13623.25,584100
2024-01-31,13620.599609375,13633.650390625,13450.2998046875,13479.25,456400
2024-02-01,13529.349609375,13672.349609375,13427.400390625,13672.349609375,619800
2024-02-02,13657.7001953125,13747.349609375,13614.2001953125,13625.2001953125,670300
2024-02-05,13700.0498046875,13799.4501953125,13625.0,13728.2998046875,642500
2024-02-06,13862.900390625,13872.25,13678.150390625,13775.599609375,746600
2024-02-07,13930.7998046875,13970.849609375,13830.0498046875,13950.7001953125,922600
2024-02-08,13948.599609375,14065.5,13917.650390625,14061.2998046875,598400
2024-02-09,13840.900390625,13979.0,13584.349609375,13976.2998046875,942800
2024-02-12,13579.2998046875,13899.2001953125,13541.5,13896.2001953125,779400
2024-02-13,13638.4501953125,13658.75,13404.400390625,13607.7998046875,606500
2024-02-14,13776.349609375,13826.7001953125,13450.400390625,13510.75,779600
2024-02-15,13914.400390625,13941.0,13830.5,13871.849609375,6800
2024-02-16,14035.4501953125,14067.599609375,13931.5498046875,13979.5498046875,6600
2024-02-20,13984.0,14027.650390625,13922.400390625,14001.2001953125,5700
2024-02-21,13813.5498046875,14033.5498046875,13777.400390625,14008.400390625,7100
2024-02-22,13961.9501953125,13984.150390625,13702.5498046875,13867.849609375,6800
2024-02-23,14062.2001953125,14141.0,14015.25,14031.599609375,20900
2024-02-26,13977.900390625,14083.7998046875,13856.5498046875,14069.349609375,10000
2024-02-27,13931.9501953125,14063.75,13866.2001953125,13984.400390625,9600
2024-02-28,13618.25,13959.9501953125,13581.4501953125,13956.849609375,18600
2024-02-29,13745.849609375,13782.4501953125,13505.2998046875,13621.2998046875,13300
2024-03-01,13898.099609375,13914.2001953125,13795.7998046875,13799.849609375,10500
2024-03-04,14056.75,14075.650390625,13936.7001953125,14008.0,6100
2024-03-05,13989.0498046875,14096.2001953125,13967.5,14068.900390625,5500
2024-03-06,13915.7998046875,14014.5,13706.2001953125,14009.900390625,7100
2024-03-07,13948.400390625,14008.900390625,13921.0498046875,13937.2998046875,4000
2024-03-11,13876.400390625,13990.7001953125,13853.0498046875,13983.2001953125,4400
2024-03-12,13719.2998046875,13931.7998046875,13666.349609375,13897.9501953125,5500
2024-03-13,13189.0498046875,13797.75,13091.9501953125,13752.099609375,9600
2024-03-14,13407.2001953125,13435.099609375,13034.2001953125,13123.400390625,7000
2024-03-15,13345.5498046875,13436.5498046875,13131.75,13392.5498046875,6400
2024-03-18,13201.150390625,13364.349609375,13120.4501953125,13332.0498046875,4000
2024-03-19,12981.900390625,13209.349609375,12962.7001953125,13202.2998046875,4700
2024-03-20,12975.150390625,13086.0,12837.0,13029.25,5000
2024-03-21,13305.400390625,13319.7998046875,13097.9501953125,13099.349609375,4100
2024-03-22,13329.9501953125,13357.75,13210.900390625,13262.7998046875,7000
2024-03-26,13474.099609375,13504.2998046875,13293.900390625,13296.5498046875,5400
2024-03-27,13460.0498046875,13553.5,13440.650390625,13516.400390625,6000
2024-03-28,13526.5,13579.25,13450.0498046875,13541.5,6600
2024-04-01,13772.599609375,13786.650390625,13602.2998046875,13640.4501953125,10155500
2024-04-02,13922.599609375,13934.599609375,13744.7001953125,13824.150390625,9900
2024-04-03,13955.849609375,13988.25,13839.7001953125,13889.5,11800
2024-04-04,13941.150390625,14079.0,13925.099609375,14061.150390625,15000
2024-04-05,13978.349609375,13988.2998046875,13891.0,13948.5498046875,11700
2024-04-08,13957.099609375,14058.7001953125,13822.2998046875,14056.5,12400
2024-04-09,13941.599609375,14054.650390625,13900.5,14026.4501953125,7800
2024-04-10,14097.9501953125,14112.849609375,13969.0,13984.75,10500
2024-04-12,14049.099609375,14171.7001953125,14037.650390625,14095.7001953125,16700
2024-04-15,13841.2998046875,13935.4501953125,13752.650390625,13854.900390625,14000
2024-04-16,13765.5,13889.2001953125,13707.349609375,13758.5498046875,16000
2024-04-18,13687.0498046875,13921.2001953125,13648.599609375,13847.2998046875,12800
2024-04-19,13595.4501953125,13668.2001953125,13385.0498046875,13578.4501953125,12500
2024-04-22,13681.25,13703.75,13612.2998046875,13686.0,22800
2024-04-23,13780.650390625,13817.2001953125,13727.0,13756.5498046875,33800
2024-04-24,13901.7998046875,13915.599609375,13825.849609375,13843.7998046875,22300
2024-04-25,13964.349609375,13974.349609375,13838.5498046875,13886.849609375,90300
2024-04-26,14083.25,14107.75,13985.650390625,14003.0,46200
2024-04-29,14153.0498046875,14164.4501953125,14077.650390625,14152.599609375,23000
2024-04-30,14161.900390625,14277.5498046875,14144.0498046875,14209.900390625,16700
2024-05-02,14243.599609375,14260.4501953125,14164.5498046875,14217.75,15000
2024-05-03,14189.2998046875,14298.75,14113.900390625,14268.9501953125,22900
2024-05-06,14157.9501953125,14294.5498046875,14083.0498046875,14292.2998046875,12400
2024-05-07,13874.7001953125,14190.2001953125,13775.099609375,14186.9501953125,20800
2024-05-08,14010.400390625,14059.0,13796.400390625,13876.9501953125,12000
2024-05-09,13755.650390625,14039.7001953125,13730.900390625,14034.75,11300
2024-05-10,13909.900390625,13927.7001953125,13654.0498046875,13794.150390625,8600
2024-05-13,14064.7998046875,14086.0,13683.349609375,13933.099609375,9400
2024-05-14,14163.150390625,14189.099609375,14004.0,14091.099609375,11700
2024-05-15,14262.5498046875,14281.25,14156.0,14213.099609375,7900
2024-05-16,14396.900390625,14411.5,14263.25,14314.5498046875,8800
2024-05-17,14515.2001953125,14525.150390625,14404.25,14440.2998046875,10400
2024-05-21,14614.5,14627.650390625,14518.349609375,14577.7001953125,11300
2024-05-22,14618.599609375,14658.5498046875,14474.0498046875,14654.150390625,9500
2024-05-23,14677.4501953125,14686.400390625,14533.25,14675.9501953125,14300
2024-05-24,14662.650390625,14762.2998046875,14623.7998046875,14687.849609375,35100
2024-05-27,14783.75,14883.849609375,14669.7001953125,14717.5498046875,15700
2024-05-28,14664.7001953125,14856.9501953125,14595.099609375,14819.9501953125,11000
2024-05-29,14637.7998046875,14700.900390625,14556.2998046875,14616.25,9100
2024-05-30,14390.849609375,14634.25,14358.599609375,14624.349609375,14900
2024-05-31,14443.4501953125,14492.2998046875,14325.650390625,14437.900390625,28700
2024-06-03,14919.5,14958.0,14747.75,14951.849609375,20600
2024-06-04,13762.25,14937.75,13284.2001953125,14937.75,42200
2024-06-05,14456.349609375,14514.9501953125,13580.2001953125,13908.900390625,23800
2024-06-06,14724.25,14824.650390625,14563.7001953125,14607.9501953125,14700
2024-06-07,14952.400390625,14963.2998046875,14716.9501953125,14753.75,16900
2024-06-10,14908.0,15045.2001953125,14817.7001953125,14992.400390625,17500
2024-06-11,15031.900390625,15093.4501953125,14906.650390625,14955.5,17000
2024-06-12,15243.400390625,15273.599609375,15089.25,15103.0498046875,15900
2024-06-13,15378.349609375,15387.150390625,15283.349609375,15372.2998046875,11700
2024-06-14,15523.599609375,15539.0498046875,15383.4501953125,15429.099609375,16100
2024-06-18,15591.5498046875,15599.7001953125,15475.400390625,15566.099609375,13100
2024-06-19,15442.9501953125,15629.900390625,15352.0498046875,15629.7001953125,30100
2024-06-20,15616.599609375,15633.9501953125,15417.2998046875,15500.25,13700
2024-06-21,15623.7998046875,15748.650390625,15597.650390625,15704.650390625,23900
2024-06-24,15707.650390625,15734.2001953125,15458.4501953125,15590.150390625,15100
2024-06-25,15659.849609375,15816.4501953125,15629.9501953125,15757.5,10900
2024-06-26,15595.4501953125,15691.650390625,15580.150390625,15656.4501953125,20000
2024-06-27,15641.7998046875,15724.7998046875,15493.4501953125,15623.5,20700
2024-06-28,15711.150390625,15763.400390625,15651.849609375,15683.099609375,25300
2024-07-01,15840.400390625,15849.650390625,15689.7001953125,15745.400390625,0
2024-07-02,15711.4501953125,15886.7998046875,15621.400390625,15874.2001953125,0
2024-07-03,15862.2998046875,15879.650390625,15749.400390625,15795.5,0
2024-07-04,15976.0498046875,16001.0498046875,15881.0,15921.400390625,11100
2024-07-05,16097.349609375,16118.650390625,15959.7001953125,15987.849609375,18400
2024-07-08,15988.9501953125,16146.5,15924.349609375,16145.900390625,15000
2024-07-09,16027.4501953125,16080.2998046875,15948.650390625,16039.400390625,10400
2024-07-10,15947.75,16079.349609375,15624.400390625,16078.849609375,10000
2024-07-11,15966.150390625,16033.900390625,15917.0,16026.5,13000
2024-07-12,15954.900390625,16038.7998046875,15934.75,16037.650390625,11000
2024-07-15,16088.4501953125,16101.650390625,15904.099609375,16025.150390625,11700
2024-07-16,16104.599609375,16177.4501953125,16068.25,16164.75,14200
2024-07-18,16002.75,16092.900390625,15875.5498046875,16091.599609375,11800
2024-07-19,15596.400390625,16001.0,15570.5,16001.0,8200
2024-07-22,15867.099609375,15923.5498046875,15477.7998046875,15571.900390625,11800
2024-07-23,15843.5498046875,15977.0498046875,15274.0,15959.7001953125,19600
2024-07-24,15981.150390625,16012.5498046875,15822.349609375,15849.9501953125,10300
2024-07-25,15938.849609375,15973.25,15799.7001953125,15832.2998046875,12300
2024-07-26,16296.2998046875,16305.650390625,15983.349609375,15994.75,12300
2024-07-29,16455.900390625,16500.099609375,16371.7001953125,16419.849609375,11900
2024-07-30,16546.55078125,16585.400390625,16430.75,16465.5,8900
2024-07-31,16661.650390625,16693.849609375,16579.44921875,16643.44921875,14200
2024-08-01,16505.94921875,16743.599609375,16402.150390625,16735.650390625,9700
2024-08-02,16269.150390625,16419.150390625,16227.400390625,16336.900390625,10200
2024-08-05,15735.9501953125,15968.7998046875,15615.2998046875,15844.2001953125,15300
2024-08-06,15654.650390625,16066.400390625,15612.849609375,15852.5498046875,8000
2024-08-07,16077.7001953125,16096.2001953125,15839.9501953125,15940.099609375,7000
2024-08-08,16052.599609375,16179.400390625,16008.0498046875,16098.75,8700
2024-08-09,16176.5498046875,16294.7998046875,16148.0,16220.0498046875,7300
2024-08-12,16196.75,16230.7001953125,16013.900390625,16134.7001953125,8600
2024-08-13,16055.349609375,16295.2998046875,16031.900390625,16265.400390625,10800
2024-08-14,15922.9501953125,16115.150390625,15880.400390625,16105.0498046875,8100
2024-08-16,16246.25,16258.099609375,16002.0,16059.9501953125,7100
2024-08-19,16260.0498046875,16369.099609375,16201.7001953125,16341.4501953125,6800
2024-08-20,16394.94921875,16408.30078125,16293.4501953125,16349.7001953125,6200
2024-08-21,16444.349609375,16456.099609375,16358.2001953125,16408.80078125,5400
2024-08-22,16575.349609375,16605.19921875,16492.849609375,16518.599609375,6100
2024-08-23,16463.099609375,16612.05078125,16451.150390625,16598.349609375,7600
2024-08-26,16558.0,16599.30078125,16508.19921875,16549.650390625,5600
2024-08-27,16581.0,16629.55078125,16546.099609375,16603.599609375,6600
2024-08-28,16586.19921875,16655.55078125,16516.5,16622.150390625,7300
2024-08-29,16514.69921875,16598.0,16402.349609375,16591.900390625,11300
2024-08-30,16618.80078125,16678.0,16560.650390625,16592.75,47200
2024-09-02,16588.75,16690.599609375,16548.25,16690.599609375,11400
2024-09-03,16651.599609375,16708.150390625,16607.650390625,16619.099609375,5400
2024-09-04,16627.94921875,16646.0,16497.25,16524.400390625,5800
2024-09-05,16705.150390625,16747.900390625,16658.900390625,16721.400390625,7100
2024-09-06,16413.94921875,16711.25,16384.19921875,16703.19921875,22500
2024-09-09,16328.900390625,16396.69921875,16240.2001953125,16392.599609375,10300
2024-09-10,16562.849609375,16617.25,16444.599609375,16458.80078125,8200
2024-09-11,16545.849609375,16713.099609375,16506.099609375,16634.80078125,8900
2024-09-12,16760.150390625,16779.69921875,16625.69921875,16713.0,8500
2024-09-13,16878.0,16926.099609375,16789.19921875,16818.900390625,5800
2024-09-16,16889.94921875,16979.650390625,16861.69921875,16952.5,6000
2024-09-17,16881.0,16925.94921875,16804.400390625,16913.0,4600
2024-09-18,16687.75,16887.150390625,16582.0,16884.19921875,6000
2024-09-19,16584.55078125,16851.099609375,16294.2998046875,16780.099609375,29700
2024-09-20,16767.44921875,16813.0,16564.94921875,16669.650390625,20400
2024-09-23,16921.30078125,16932.69921875,16801.69921875,16850.75,20400
2024-09-24,16990.349609375,17018.849609375,16946.599609375,16974.599609375,8900
2024-09-25,16913.0,17005.55078125,16849.80078125,17000.80078125,6600
2024-09-26,16947.30078125,16965.349609375,16815.19921875,16954.19921875,12800
2024-09-27,16987.900390625,17066.75,16956.44921875,16975.44921875,15100
2024-09-30,16883.349609375,16992.349609375,16844.900390625,16928.30078125,8700
2024-10-01,16952.05078125,16972.849609375,16827.400390625,16920.400390625,6200
2024-10-03,16563.69921875,16862.55078125,16522.5,16715.25,8400
2024-10-04,16387.599609375,16623.44921875,16267.5,16539.0,8700
2024-10-07,16133.150390625,16509.05078125,15983.75,16455.94921875,11800
2024-10-08,16408.349609375,16440.69921875,16020.0498046875,16065.0498046875,8900
2024-10-09,16549.19921875,16663.55078125,16494.0,16503.19921875,8100
2024-10-10,16482.349609375,16654.05078125,16438.0,16635.400390625,5300
2024-10-11,16520.900390625,16530.44921875,16414.94921875,16500.19921875,4800
2024-10-14,16617.44921875,16639.19921875,16482.94921875,16553.900390625,5200
2024-10-15,16658.94921875,16679.05078125,16556.650390625,16668.650390625,5200
2024-10-16,16659.05078125,16737.599609375,16595.69921875,16661.94921875,5500
2024-10-17,16399.19921875,16685.849609375,16382.9501953125,16682.80078125,5500
2024-10-18,16460.599609375,16490.349609375,16181.25,16342.650390625,5000
2024-10-21,16135.2001953125,16549.349609375,16113.099609375,16495.75,7400
2024-10-22,15739.5,16191.25,15709.349609375,16153.5,7900
2024-10-23,15763.0,15934.0,15582.650390625,15709.900390625,8500
2024-10-24,15656.5,15803.650390625,15623.5498046875,15759.650390625,6300
2024-10-25,15419.599609375,15709.7998046875,15245.4501953125,15704.400390625,10000
2024-10-28,15544.650390625,15611.2998046875,15374.099609375,15437.25,13500
2024-10-29,15677.4501953125,15694.4501953125,15394.7001953125,15626.0498046875,8800
2024-10-30,15647.5,15778.349609375,15578.25,15651.5,13000
2024-10-31,15539.599609375,15675.900390625,15462.2998046875,15658.650390625,10300
2024-11-01,15649.2998046875,15685.0,15632.2001953125,15643.2001953125,3200
2024-11-04,15507.2001953125,15678.7998046875,15425.2001953125,15677.75,9500
2024-11-05,15591.75,15610.099609375,15326.7001953125,15481.4501953125,8200
2024-11-06,15958.400390625,15985.5498046875,15656.900390625,15680.400390625,6600
2024-11-07,15856.599609375,16053.900390625,15834.7001953125,16041.849609375,6500
2024-11-08,15656.900390625,15907.9501953125,15609.9501953125,15903.349609375,6600
2024-11-11,15529.2001953125,15645.099609375,15483.4501953125,15626.7001953125,7000
2024-11-12,15341.400390625,15658.599609375,15303.7001953125,15582.099609375,5400
2024-11-13,14966.5,15314.650390625,14913.75,15276.75,8800
2024-11-14,15048.099609375,15150.7998046875,14986.5498046875,14991.349609375,6800
2024-11-18,15079.150390625,15164.400390625,15000.5498046875,15137.650390625,7700
2024-11-19,15185.0,15345.2001953125,15124.599609375,15139.7998046875,6500
2024-11-21,15167.5498046875,15240.7998046875,15028.650390625,15193.650390625,10700
2024-11-22,15353.7001953125,15380.0498046875,15157.599609375,15180.2001953125,9200
2024-11-25,15604.0498046875,15666.7998046875,15579.4501953125,15610.099609375,14000
2024-11-26,15635.349609375,15750.9501953125,15622.099609375,15673.9501953125,21000
2024-11-27,15730.400390625,15744.099609375,15571.4501953125,15684.9501953125,14100
2024-11-28,15661.849609375,15815.599609375,15628.849609375,15761.400390625,13400
2024-11-29,15697.75,15746.2998046875,15632.650390625,15670.400390625,8200
2024-12-02,15923.5498046875,15945.2998046875,15652.0,15707.349609375,5800
2024-12-03,16055.7001953125,16064.900390625,15970.5498046875,16029.2001953125,6600
2024-12-04,16217.0498046875,16232.349609375,16086.0498046875,16109.5,7800
2024-12-05,16270.9501953125,16325.2001953125,16148.150390625,16325.2001953125,12100
2024-12-06,16322.25,16344.5,16232.9501953125,16302.25,7200
2024-12-09,16409.5,16425.599609375,16292.5498046875,16296.2001953125,6000
2024-12-10,16483.650390625,16493.94921875,16371.5,16421.19921875,6300
2024-12-11,16536.94921875,16555.69921875,16460.099609375,16480.150390625,4500
2024-12-12,16463.849609375,16570.400390625,16433.05078125,16540.05078125,6400
2024-12-13,16456.25,16464.599609375,16193.900390625,16425.05078125,7900
2024-12-16,16572.900390625,16585.099609375,16489.75,16505.44921875,4000
2024-12-17,16490.05078125,16623.599609375,16461.44921875,16574.099609375,7200
2024-12-18,16381.349609375,16499.099609375,16317.7001953125,16481.94921875,6800
2024-12-19,16322.75,16336.75,16085.25,16120.2001953125,5300
2024-12-20,15881.099609375,16393.150390625,15854.349609375,16372.349609375,7000
2024-12-23,15955.25,16069.25,15848.25,15962.2001953125,5100
2024-12-24,15926.7998046875,16014.7998046875,15862.75,15976.2998046875,4700
2024-12-26,15962.9501953125,15995.0498046875,15815.7001953125,15957.5,500
2024-12-27,15919.400390625,16025.0498046875,15911.400390625,16002.0,3500
2024-12-30,16030.349609375,16065.5,15817.849609375,15915.2001953125,11000
2024-12-31,15974.099609375,16042.0,15788.4501953125,15933.099609375,6700
2025-01-02,16241.9501953125,16264.599609375,16033.2998046875,16090.25,6900
2025-01-03,16181.599609375,16299.2998046875,16155.4501953125,16265.25,7300
2025-01-06,15748.2998046875,16230.7998046875,15698.5498046875,16227.900390625,7800
2025-01-07,15868.0498046875,15959.650390625,15778.7001953125,15780.9501953125,6300
2025-01-08,15692.2001953125,15909.5,15506.599609375,15905.75,5800
2025-01-09,15574.75,15776.900390625,15552.150390625,15720.349609375,5700
2025-01-10,15266.4501953125,15577.9501953125,15247.650390625,15549.900390625,6300
2025-01-13,14650.099609375,15111.2998046875,14618.2998046875,15076.9501953125,10200
2025-01-14,14970.099609375,15019.7001953125,14703.5,14705.150390625,8800
2025-01-15,15038.400390625,15169.150390625,14914.7001953125,15037.400390625,16900
2025-01-16,15131.5,15243.599609375,15111.7001953125,15189.849609375,7900
2025-01-17,15139.650390625,15192.900390625,15034.2998046875,15147.7998046875,7200
2025-01-20,15298.4501953125,15344.25,15059.900390625,15242.2001953125,20500
2025-01-21,14963.0,15328.4501953125,14944.400390625,15324.2998046875,8500
2025-01-22,14774.75,15019.0,14570.599609375,14992.5,6700
2025-01-23,15008.2001953125,15059.25,14759.5,14795.5498046875,6100
2025-01-24,14827.0,15065.7001953125,14771.5498046875,15030.5498046875,5700
2025-01-27,14427.0498046875,14686.7998046875,14392.150390625,14682.0498046875,8500
2025-01-28,14341.400390625,14501.75,14183.400390625,14445.0498046875,7800
2025-01-29,14671.25,14684.9501953125,14366.75,14368.75,5000
2025-01-30,14674.0498046875,14796.2998046875,14635.4501953125,14738.25,5700
2025-01-31,14948.099609375,14982.0,14657.0,14713.75,7000
